MH35,,,,,,,,,,,,,,,,,,,,
,,,,,,,,,,,,,,,,,,,,
,,,,,,Doanh thu Kế hoạch,,,,,Sản lượng Kế hoạch,,,,,Sản lượng Tính lương,,,,
Mã nhân viên,Tên nhân viên,Chức vụ,Cấp bậc,Hệ số,Tỷ trọng,Vàng TT,Bạc TT,Trang sức vàng ta,Trang sức khác,Tổng,"Vàng TT
(Chỉ)","Bạc TT
(Chỉ)","Trang sức vàng ta
(Chiếc)","Trang sức khác
(Chiếc)",Tổng,"Vàng TT
(Chỉ)","Bạc TT
(Chỉ)","Trang sức vàng ta
(Chỉ))","Trang sức khác
(Chiếc)",Tổng
BTMH001948,Nông Thị Ý Nhi,Tư Vấn Viên,Sơ Cấp ,1.0,18.02%,"3,125,076,317","51,971,212","320,452,543","157,664,263","3,655,164,334",221,222,12,25,479,221,222,23,25,491
BTMH001443,Trần Thái Bình,Tư Vấn Viên,Sơ Cấp ,0.9,16.40%,"2,843,819,449","47,293,803","291,611,814","143,474,479","3,326,199,544",201,202,10,22,436,201,202,21,22,447
BTMH001452,Nguyễn Cẩm Tú,Tư Vấn Viên,Sơ Cấp ,0.9,16.40%,"2,843,819,449","47,293,803","291,611,814","143,474,479","3,326,199,544",201,202,10,22,436,201,202,21,22,447
BTMH001445,Đặng Thị Thu Quanh,Tư Vấn Viên,Sơ Cấp ,0.9,16.40%,"2,843,819,449","47,293,803","291,611,814","143,474,479","3,326,199,544",201,202,10,22,436,201,202,21,22,447
BTMH001454,Phạm Thị Minh Hiếu,Tư Vấn Viên,Sơ Cấp ,0.9,16.40%,"2,843,819,449","47,293,803","291,611,814","143,474,479","3,326,199,544",201,202,10,22,436,201,202,21,22,447
BTMH001456,Bùi Ngọc Phước,Tư Vấn Viên,Sơ Cấp ,0.9,16.40%,"2,843,819,449","47,293,803","291,611,814","143,474,479","3,326,199,544",201,202,10,22,436,201,202,21,22,447
TỔNG,,,,5.6,100.00%,"17,344,173,561","288,440,225","1,778,511,613","875,036,657","20,286,162,056","1,225","1,235",64,137,"2,661","1,225","1,235",129,137,"2,726"
,,,,,,,,,,,,,,,,,,,,
,,,,,,,,,,,,,,,,,,,,
,,,,,,,,,,,,,,,,,,,,
Sản lượng KH,"2,661",TRUE,,,,,,,,,,,,,,,,,,
Doanh thu,"20,286,162,056",TRUE,,,,PHÂN BỔ THEO TUẦN,,,,,,,,,,,,,,
Sản lượng tính lương,"2,726",TRUE,,,,,,,,,,,,,,,,,,
,,,,,,,,,60,"796,064,481",,,50,"663,387,067",,,201,"2,653,548,270",,
KẾ HOẠCH LÊN DỰ BÁO,,,,,,TỶ TRỌNG,,,30%,,25%,,25%,,20%,,,,100%,
MH35,,,,,,MH35,,,TUẦN 1 (1/8 - 9/8) 9 ngày,,TUẦN 2 (10/8-16/8) 7 ngày,,TUẦN 3 (17/8-23/8) 7 ngày,,TUẦN 4 (24/8-31/8) 8 ngày,,,,,
,Sản lương,Doanh thu,SL tính lương,,,CƠ CẤU,Sản lương ( chỉ ),Doanh thu,Sản lương,Doanh thu,Sản lương,Doanh thu,Sản lương,Doanh thu,Sản lương,Doanh thu,Sản lương,Doanh thu,,
Tích trữ (Chỉ),"2,460","17,632,613,786","2,460",,,Tích trữ (Chỉ),"2,460","17,632,613,786",738,"5,289,784,136",615,"4,408,153,446",615,"4,408,153,446",492,"3,526,522,757","2,460","17,632,613,786",,
Tích Trữ_KGB,"1,127","15,958,473,942","1,127",,,Tích Trữ_KGB,"1,127","15,958,473,942",338,"4,787,542,183",282,"3,989,618,485",282,"3,989,618,485",225,"3,191,694,788","1,127","15,958,473,942",,
Tích trữ_Quà tặng,98,"1,385,699,619",98,,,Tích trữ_Quà tặng,98,"1,385,699,619",29,"415,709,886",24,"346,424,905",24,"346,424,905",20,"277,139,924",98,"1,385,699,619",,
Tích Trữ_SJC,0,0,0,,,Tích Trữ_SJC,0,0,0,0,0,0,0,0,0,0,0,0,,
Bạc tích lũy_Bạc tích lũy,"1,235","288,440,225","1,235",,,Tích Trữ_Bạc tích trữ,"1,235","288,440,225",370,"86,532,067",309,"72,110,056",309,"72,110,056",247,"57,688,045","1,235","288,440,225",,
VRTL,0,0,0,,,VRTL,0,0,0,0,0,0,0,0,0,0,0,0,,
TS vàng ta (Chiếc),64,"1,778,511,613",129,,,TS vàng ta (Chiếc),64,"1,778,511,613",19,"533,553,484",16,"444,627,903",16,"444,627,903",13,"355,702,323",64,"1,778,511,613",,
Vàng 24K_PT,27,"1,228,107,512",106,,,Vàng 24K_PT,27,"1,228,107,512",8,"368,432,254",7,"307,026,878",7,"307,026,878",5,"245,621,502",27,"1,228,107,512",,
Vàng 24K_CN,7,"247,941,487",7,,,Vàng 24K_CN,7,"247,941,487",2,"74,382,446",2,"61,985,372",2,"61,985,372",1,"49,588,297",7,"247,941,487",,
Vàng 24K_3D,22,"151,661,752",7,,,Vàng 24K_3D,22,"151,661,752",7,"45,498,526",5,"37,915,438",5,"37,915,438",4,"30,332,350",22,"151,661,752",,
Vàng 24K_CNC,7,"141,897,741",8,,,Vàng 24K_CNC,7,"141,897,741",2,"42,569,322",2,"35,474,435",2,"35,474,435",1,"28,379,548",7,"141,897,741",,
Vàng 24K_24K Đá màu,0,0,0,,,Vàng 24K_24K Đá màu,0,0,0,0,0,0,0,0,0,0,0,0,,
Vàng 24K_24K Quà tặng,2,"8,903,120",2,,,Vàng 24K_24K Quà tặng,2,"8,903,120",1,"2,670,936",1,"2,225,780",1,"2,225,780",0,"1,780,624",2,"8,903,120",,
TS vàng tây (Chiếc),122,"866,904,140",122,,,TS vàng tây (Chiếc),122,"866,904,140",36,"260,071,242",30,"216,726,035",30,"216,726,035",24,"173,380,828",122,"866,904,140",,
Vàng Tây_VT đá màu,0,0,0,,,Vàng Tây_VT đá màu,0,0,0,0,0,0,0,0,0,0,0,0,,
Vàng Tây_PC Ý 18K,4,"64,722,091",4,,,Vàng Tây_PC Ý 18K,4,"64,722,091",1,"19,416,627",1,"16,180,523",1,"16,180,523",1,"12,944,418",4,"64,722,091",,
Vàng Tây_PC Ý 10K,78,"414,973,861",78,,,Vàng Tây_PC Ý 10K,78,"414,973,861",24,"124,492,158",20,"103,743,465",20,"103,743,465",16,"82,994,772",78,"414,973,861",,
Vàng Tây_Nhẫn cưới,16,"91,594,837",16,,,Vàng Tây_Nhẫn cưới,16,"91,594,837",5,"27,478,451",4,"22,898,709",4,"22,898,709",3,"18,318,967",16,"91,594,837",,
Vàng Tây_Nhẫn Cưới Kim Cương,4,"44,656,898",4,,,Vàng Tây_Nhẫn Cưới Kim Cương,4,"44,656,898",1,"13,397,069",1,"11,164,224",1,"11,164,224",1,"8,931,380",4,"44,656,898",,
Vàng Tây_PC Hàn Quốc,2,"11,040,435",2,,,Vàng Tây_PC Hàn Quốc,2,"11,040,435",1,"3,312,130",0,"2,760,109",0,"2,760,109",0,"2,208,087",2,"11,040,435",,
Vàng Tây_Trang sức nhập khẩu Hàn Quốc,0,0,0,,,Vàng Tây_Trang sức nhập khẩu Hàn Quốc,0,0,0,0,0,0,0,0,0,0,0,0,,
Vàng Tây_TS Kim cương,4,"124,614,272",4,,,Vàng Tây_TS Kim cương,4,"124,614,272",1,"37,384,282",1,"31,153,568",1,"31,153,568",1,"24,922,854",4,"124,614,272",,
Vàng Tây_Kim cương viên,0,0,0,,,Vàng Tây_Kim cương viên,0,0,0,0,0,0,0,0,0,0,0,0,,
Vàng Tây_BST,14,"115,301,746",14,,,Vàng Tây_BST,14,"115,301,746",4,"34,590,524",3,"28,825,437",3,"28,825,437",3,"23,060,349",14,"115,301,746",,
Hỗn hợp (Chiếc),15,"8,132,517",15,,,Hỗn hợp (Chiếc),15,"8,132,517",5,"2,439,755",4,"2,033,129",4,"2,033,129",3,"1,626,503",15,"8,132,517",,
Khác_Bạc,5,"4,641,611",5,,,Khác_Bạc,5,"4,641,611",1,"1,392,483",1,"1,160,403",1,"1,160,403",1,"928,322",5,"4,641,611",,
Khác_Phong Thủy,11,"3,490,906",11,,,Khác_Phong Thủy,11,"3,490,906",3,"1,047,272",3,"872,727",3,"872,727",2,"698,181",11,"3,490,906",,
Khác_Quà tặng,0,0,0,,,Khác_Quà tặng,0,0,0,0,0,0,0,0,0,0,0,0,,
TỔNG,"2,661","20,286,162,056","2,726",,,TỔNG,"2,661","20,286,162,056",798,"6,085,848,617",665,"5,071,540,514",665,"5,071,540,514",532,"4,057,232,411","2,661","20,286,162,056",,